{"01":{"bad_scores_mean":0.4085463139,"good_scores_mean":0.5914536861,"bad_scores_std":0.2915545424,"good_scores_std":0.2915545424,"positive":142,"negative":39,"neutral":553,"count":734},"02":{"bad_scores_mean":0.4141878038,"good_scores_mean":0.5858121962,"bad_scores_std":0.2935719118,"good_scores_std":0.2935719118,"positive":23,"negative":5,"neutral":79,"count":107},"04":{"bad_scores_mean":0.381267245,"good_scores_mean":0.618732755,"bad_scores_std":0.2801315484,"good_scores_std":0.2801315484,"positive":303,"negative":59,"neutral":1112,"count":1474},"05":{"bad_scores_mean":0.3339630506,"good_scores_mean":0.6660369494,"bad_scores_std":0.272764512,"good_scores_std":0.272764512,"positive":90,"negative":7,"neutral":228,"count":325},"06":{"bad_scores_mean":0.3930902628,"good_scores_mean":0.6069097372,"bad_scores_std":0.2816000762,"good_scores_std":0.2816000762,"positive":4069,"negative":860,"neutral":15493,"count":20422},"08":{"bad_scores_mean":0.3851307212,"good_scores_mean":0.6148692788,"bad_scores_std":0.2759660886,"good_scores_std":0.2759660886,"positive":222,"negative":45,"neutral":897,"count":1164},"09":{"bad_scores_mean":0.3659914326,"good_scores_mean":0.6340085674,"bad_scores_std":0.2731639124,"good_scores_std":0.2731639124,"positive":180,"negative":19,"neutral":639,"count":838},"10":{"bad_scores_mean":0.355776105,"good_scores_mean":0.644223895,"bad_scores_std":0.2850547963,"good_scores_std":0.2850547963,"positive":84,"negative":8,"neutral":194,"count":286},"11":{"bad_scores_mean":0.4158846606,"good_scores_mean":0.5841153394,"bad_scores_std":0.2958790058,"good_scores_std":0.2958790058,"positive":464,"negative":173,"neutral":1749,"count":2386},"12":{"bad_scores_mean":0.3451904722,"good_scores_mean":0.6548095278,"bad_scores_std":0.2808701831,"good_scores_std":0.2808701831,"positive":1971,"negative":280,"neutral":5219,"count":7470},"13":{"bad_scores_mean":0.366583988,"good_scores_mean":0.633416012,"bad_scores_std":0.2714470335,"good_scores_std":0.2714470335,"positive":831,"negative":128,"neutral":2879,"count":3838},"15":{"bad_scores_mean":0.3765524703,"good_scores_mean":0.6234475297,"bad_scores_std":0.2802570859,"good_scores_std":0.2802570859,"positive":246,"negative":34,"neutral":811,"count":1091},"16":{"bad_scores_mean":0.4006443716,"good_scores_mean":0.5993556284,"bad_scores_std":0.2924178156,"good_scores_std":0.2924178156,"positive":47,"negative":8,"neutral":172,"count":227},"17":{"bad_scores_mean":0.3803169898,"good_scores_mean":0.6196830102,"bad_scores_std":0.279736696,"good_scores_std":0.279736696,"positive":592,"negative":113,"neutral":2152,"count":2857},"18":{"bad_scores_mean":0.3891192676,"good_scores_mean":0.6108807324,"bad_scores_std":0.2784026374,"good_scores_std":0.2784026374,"positive":276,"negative":48,"neutral":1014,"count":1338},"19":{"bad_scores_mean":0.3437020696,"good_scores_mean":0.6562979304,"bad_scores_std":0.2562626347,"good_scores_std":0.2562626347,"positive":65,"negative":8,"neutral":225,"count":298},"20":{"bad_scores_mean":0.3953839318,"good_scores_mean":0.6046160682,"bad_scores_std":0.271359606,"good_scores_std":0.271359606,"positive":142,"negative":19,"neutral":498,"count":659},"21":{"bad_scores_mean":0.4027768005,"good_scores_mean":0.5972231995,"bad_scores_std":0.2799688144,"good_scores_std":0.2799688144,"positive":114,"negative":18,"neutral":455,"count":587},"22":{"bad_scores_mean":0.3735252597,"good_scores_mean":0.6264747403,"bad_scores_std":0.2548571432,"good_scores_std":0.2548571432,"positive":192,"negative":34,"neutral":1027,"count":1253},"23":{"bad_scores_mean":0.3338993937,"good_scores_mean":0.6661006063,"bad_scores_std":0.2603709821,"good_scores_std":0.2603709821,"positive":52,"negative":6,"neutral":202,"count":260},"24":{"bad_scores_mean":0.3966335469,"good_scores_mean":0.6033664531,"bad_scores_std":0.2876029475,"good_scores_std":0.2876029475,"positive":449,"negative":85,"neutral":1627,"count":2161},"25":{"bad_scores_mean":0.3776311005,"good_scores_mean":0.6223688995,"bad_scores_std":0.2856869062,"good_scores_std":0.2856869062,"positive":432,"negative":92,"neutral":1409,"count":1933},"26":{"bad_scores_mean":0.3779294485,"good_scores_mean":0.6220705515,"bad_scores_std":0.2719540989,"good_scores_std":0.2719540989,"positive":307,"negative":40,"neutral":1133,"count":1480},"27":{"bad_scores_mean":0.3990807603,"good_scores_mean":0.6009192397,"bad_scores_std":0.2838409924,"good_scores_std":0.2838409924,"positive":172,"negative":43,"neutral":678,"count":893},"28":{"bad_scores_mean":0.4054993782,"good_scores_mean":0.5945006218,"bad_scores_std":0.2649328622,"good_scores_std":0.2649328622,"positive":35,"negative":10,"neutral":224,"count":269},"29":{"bad_scores_mean":0.3834107628,"good_scores_mean":0.6165892372,"bad_scores_std":0.2641766539,"good_scores_std":0.2641766539,"positive":177,"negative":40,"neutral":737,"count":954},"30":{"bad_scores_mean":0.3384820395,"good_scores_mean":0.6615179605,"bad_scores_std":0.2573997042,"good_scores_std":0.2573997042,"positive":53,"negative":7,"neutral":171,"count":231},"31":{"bad_scores_mean":0.3308178241,"good_scores_mean":0.6691821759,"bad_scores_std":0.2669089111,"good_scores_std":0.2669089111,"positive":72,"negative":6,"neutral":201,"count":279},"32":{"bad_scores_mean":0.4163830076,"good_scores_mean":0.5836169924,"bad_scores_std":0.2792591204,"good_scores_std":0.2792591204,"positive":221,"negative":54,"neutral":1033,"count":1308},"33":{"bad_scores_mean":0.3871510337,"good_scores_mean":0.6128489663,"bad_scores_std":0.247988984,"good_scores_std":0.247988984,"positive":34,"negative":7,"neutral":229,"count":270},"34":{"bad_scores_mean":0.3391883136,"good_scores_mean":0.6608116864,"bad_scores_std":0.2813862437,"good_scores_std":0.2813862437,"positive":788,"negative":86,"neutral":1878,"count":2752},"35":{"bad_scores_mean":0.3915259977,"good_scores_mean":0.6084740023,"bad_scores_std":0.2895157667,"good_scores_std":0.2895157667,"positive":62,"negative":23,"neutral":268,"count":353},"36":{"bad_scores_mean":0.3981899233,"good_scores_mean":0.6018100767,"bad_scores_std":0.2740395282,"good_scores_std":0.2740395282,"positive":3287,"negative":691,"neutral":14506,"count":18484},"37":{"bad_scores_mean":0.3991779316,"good_scores_mean":0.6008220684,"bad_scores_std":0.2720454505,"good_scores_std":0.2720454505,"positive":417,"negative":85,"neutral":1850,"count":2352},"38":{"bad_scores_mean":0.3934273415,"good_scores_mean":0.6065726585,"bad_scores_std":0.2764238477,"good_scores_std":0.2764238477,"positive":13,"negative":3,"neutral":67,"count":83},"39":{"bad_scores_mean":0.3711235668,"good_scores_mean":0.6288764332,"bad_scores_std":0.2773151828,"good_scores_std":0.2773151828,"positive":422,"negative":72,"neutral":1469,"count":1963},"40":{"bad_scores_mean":0.3642205057,"good_scores_mean":0.6357794943,"bad_scores_std":0.2740468711,"good_scores_std":0.2740468711,"positive":87,"negative":17,"neutral":320,"count":424},"41":{"bad_scores_mean":0.4064113104,"good_scores_mean":0.5935886896,"bad_scores_std":0.2886421886,"good_scores_std":0.2886421886,"positive":250,"negative":66,"neutral":1037,"count":1353},"42":{"bad_scores_mean":0.3904727818,"good_scores_mean":0.6095272182,"bad_scores_std":0.280867425,"good_scores_std":0.280867425,"positive":541,"negative":91,"neutral":1941,"count":2573},"44":{"bad_scores_mean":0.4253751503,"good_scores_mean":0.5746248497,"bad_scores_std":0.2889916955,"good_scores_std":0.2889916955,"positive":43,"negative":13,"neutral":201,"count":257},"45":{"bad_scores_mean":0.3799967129,"good_scores_mean":0.6200032871,"bad_scores_std":0.286480092,"good_scores_std":0.286480092,"positive":210,"negative":43,"neutral":660,"count":913},"46":{"bad_scores_mean":0.4318650928,"good_scores_mean":0.5681349072,"bad_scores_std":0.3012239388,"good_scores_std":0.3012239388,"positive":28,"negative":11,"neutral":117,"count":156},"47":{"bad_scores_mean":0.3685187957,"good_scores_mean":0.6314812043,"bad_scores_std":0.277294985,"good_scores_std":0.277294985,"positive":350,"negative":49,"neutral":1155,